@nickypromotes,crypto,7640
@nickypromotes,nft,7640
@nickypromotes,nftcommunity,7640
@nickypromotes,nftgiveaways,7640
@nickypromotes,p2e,7640
@nickypromotes,defi,7640
@nickypromotes,gamefi,7640
@visiitapp,siit,2964
@nftcryptoetsy,giveaway,1095
@nftcryptoetsy,crypto,1095
@nftcryptoetsy,cryptocurrency,1095
@openai,chatgpt,976
@datachaz,chatgpt,625
@digitaloneesan,aiart,606
@digitaloneesan,stablediffusion,606
@digitaloneesan,ai,606
@digitaloneesan,chatgpt,606
@digitaloneesan,aiイラスト,606
@digitaloneesan,美女,605
@digitaloneesan,美少女,605
@digitaloneesan,aiグラビア,605
@savetonotion,chatgpt,579
@enricomolinari,marketing,507
@enricomolinari,finserv,438
@savetonotion,thread,398
@enricomolinari,fintech,386
@enricomolinari,metaverse,369
@mdancho84,chatgpt,337
@youtube,chatgpt,331
@emadciler,floki,331
@emadciler,web3,331
@emadciler,salı,331
@elonmusk,chatgpt,330
@tprstly,chatgpt,326
@emadciler,bone,323
@openai,ai,311
@ykdojo,chatgpt,303
@emadciler,chatgpt,298
@hadaskotek,chatgpt,298
@machinemindsai,chatgpt,294
@khulood_almani,chatgpt,268
@utopiap2p,chatgpt,258
@enricomolinari,chatgpt,253
@utopiap2p,ai,247
@khulood_almani,ai,241
@chatgpt,chatgpt,225
@aitechio,chatgpt,216
@enricomolinari,banking,210
@comingchatapp,chatgpt,208
@ipfconline1,chatgpt,205
@google,chatgpt,204
@aiartgen001,ai,203
@zumruduanka_x,floki,198
@hackinarticles,infosec,192
@hackinarticles,cybersecurity,192
@hackinarticles,cybersecuritytips,192
@hackinarticles,pentesting,192
@hackinarticles,redteam,192
@hackinarticles,informationsecurity,192
@hackinarticles,cybersec,192
@datasciencedojo,chatgpt,188
@python_dv,python,188
@python_dv,chatgpt,188
@khulood_almani,generativeai,184
@mdancho84,datascience,176
@khulood_almani,machinelearning,175
@frronconi,ai,171
@sinjowkazma,chatgpt,167
@frronconi,chatgpt,161
@aiartgen001,aiart,160
@ipfconline1,ai,160
@jblefevre60,chatgpt,156
@mdancho84,ai,155
@eossupportcn,eossupport,154
@eossupportcn,btc,154
@eossupportcn,人工智能,154
@eossupportcn,ai,154
@eossupportcn,fet,154
@eossupportcn,chatgpt,154
@khulood_almani,robots,154
@shi4tech,chatgpt,153
@enricomolinari,payments,152
@enricomolinari,govtech,147
@phdevilliers,macron,147
@yorkieinu_bsc,memecoin,147
@yorkieinu_bsc,chatgpt,147
@yorkieinu_bsc,ai,147
@yorkieinu_bsc,gpt,147
@yorkieinu_bsc,art,147
@yorkieinu_bsc,nft,147
@yorkieinu_bsc,news,147
@yorkieinu_bsc,yorkie,147
@savetonotion,ai,145
@ueki2043,キャラクター設定,145
@ueki2043,character,145
@ueki2043,story,145
@ueki2043,serialization,145
@ueki2043,anime,145
@cyberconnecthq,chatgpt,144
@cyberconnecthq,web3,144
@ueki2043,ライトノベル,144
@ueki2043,限定版,143
@openai,openai,136
@savetonotion,tweet,135
@go_ultima,cryptogpt,134
@google,ai,134
@ueki2043,novel,134
@rainmakergaming,nft,134
@rainmakergaming,nfts,134
@rainmakergaming,nftcollection,134
@rainmakergaming,nftgame,134
@rainmakergaming,nftnews,134
@rainmakergaming,nftgiveaways,134
@hasaki_inu,hasaki,133
@bitmartexchange,nft,133
@bitmartexchange,nfts,133
@bitmartexchange,nftcollection,133
@bitmartexchange,nftgame,133
@bitmartexchange,nftnews,133
@bitmartexchange,nftgiveaways,133
@avatago_info,avatago,132
@aiartgen001,chatgpt,131
@coconut_bobb,nft,130
@sinjowkazma,物語工学,130
@nicochan33,chatgpt,126
@guimei2929,freemilesguo,126
@guimei2929,milesguo,126
@guimei2929,chatgpt,126
@guimei2929,郭文贵,126
@mdancho84,r,125
@lvwzhen,chatgpt,125
@fb36wc80,chatgpt,124
@forex_moneyger,駆け出しエンジニアと繋がりたい,124
@forex_moneyger,ガジェット,124
@forex_moneyger,web3,123
@forex_moneyger,chatgpt,123
@google,generativeai,122
@spirosmargaris,ai,121
@jblefevre60,ai,120
@spirosmargaris,chatgpt,119
@microsoft,chatgpt,117
@rahaandsary,chatgpt,116
@mdancho84,python,116
@frronconi,generativeai,115
@yohji_tanaka,chatgpt,115
@cjziems,chatgpt,114
@yohji_tanaka,田中圭,114
@yohji_tanaka,相棒,114
@yohji_tanaka,下町ロケット,114
@mos49466270,新中國聯邦,113
@mos49466270,中共國,113
@mos49466270,ccp,113
@mos49466270,習近平,113
@mos49466270,中共同路人,113
@enricomolinari,ai,110
@sinjowkazma,sf,109
@mos49466270,台灣,106
@mos49466270,兩岸,106
@mos49466270,台湾,106
@mos49466270,郭文貴,105
@cinacio06,chatgpt,105
@creativemediaus,domainnameforsale,104
@creativemediaus,domains,104
@creativemediaus,domainforsale,104
@creativemediaus,chatgpt,104
@creativemediaus,gpt,104
@creativemediaus,gpt4,104
@geekbb,chatgpt,104
@otakumatch,chatgpt,103
@anthonyrochand,chatgpt,101
@betamoroney,chatgpt,101
@khulood_almani,python,100
@jblefevre60,machinelearning,99
@mvollmer1,ai,99
@google,machinelearning,98
@chatfiai,chatgpt,97
@mos49466270,台海,97
@cinacio06,openai,97
@cinacio06,ai,97
@ns_crossfm,chatgpt,96
@iiamchucky,chatgpt,96
@voxfaofficial,chatgpt,96
@bkex_jm,chatgpt,96
@ns_crossfm,プレゼント,95
@iwanamishoten,chatgpt,95
@dynexcoin,chatgpt,95
@voxfaofficial,ai,95
@voxfaofficial,nvidia,95
@voxfaofficial,nvda,95
@voxfaofficial,artificialintelligence,95
@elon_ai_og,chatgpt,94
@dynexcoin,dynex,94
@dynexcoin,crypto,94
@dynexcoin,trading,94
@dynexcoin,altcoin,94
@dynexcoin,pow,94
@dynexcoin,pouw,94
@enricomolinari,insurtech,93
@elon_ai_og,elonai,93
@aiartgen001,gpt4,93
@innovius2016,metaverse,93
@innovius2016,banking,93
@innovius2016,marketing,93
@kirkdborne,chatgpt,93
@dynexcoin,trending,93
@glengilmore,chatgpt,91
@google,robots,91
@ticeducativas,chatgpt,90
@analytics_659,ai,90
@johnnosta,chatgpt,90
@google,python,90
@geekbb,prompt,90
@muath2,chatgpt,90
@youtube,ai,89
@jblefevre60,generativeai,89
@hasantoxr,chatgpt,89
@rosanaferrero,ai,89
@realdestinyai,ai,88
@dr_l_alexandre,chatgpt,87
@enilev,chatgpt,87
@openai,gpt4,87
@shi4tech,ai,86
@scispace_,ai,86
@li51414727,gpt,85
@gdb,chatgpt,85
@canva,chatgpt,85
@andremarinpuig,chatgpt,85
@sophiaefrance,chatgpt,84
@sophiaefrance,enseignant,84
@hahaguma,chatgpt,84
@yrydg_,vpn,83
@yrydg_,chatgpt,83
@defilaocunzhang,google,83
@defilaocunzhang,chatgpt,83
@cryptogems555,chatgpt,82
@masonwabeweber,chatgpt,82
@realdestinyai,realdestinyai,82
@akihisashiozaki,chatgpt,82
@catherineadenle,ai,81
@sophiaefrance,classe,81
@bigbunnycrypto,ai,81
@bigbunnycrypto,realdestinyai,81
@mexc_global,chatgpt,80
@nicochan33,fintech,80
@nicochan33,marketing,80
@rwang0,ai,78
@nicochan33,finserv,78
@catherineadenle,chatgpt,77
@shi4tech,generativeai,77
@altcoingazette,breaking_news,77
@veillecyber3,cryptocurrencies,77
@multifolio,shimmer,77
@youtube,shimmer,77
@masonwabeweber,anc,76
@nicochan33,metaverse,76
@gptminer,chatgpt,76
@khulood_almani,cybersecurity,75
@altcoingazette,dogecoin,75
@dacilgonz,chatgpt,75
@forex_moneyger,cryptocurrency,75
@johnnosta,ai,74
@jamilahmed_16,chatgpt,74
@nicochan33,banking,74
@spirosmargaris,fintech,74
@elonmusk,ai,73
@huggingface,chatgpt,73
@gptminer,gptminer,73
@jblefevre60,100daysofcode,72
@adriancaneloon,chatgpt,72
@bobby4318,chatgpt,72
@bobby4318,smartdefi,72
@solanalabs,chatgpt,71
@jblefevre60,coding,71
@pawlowskimario,chatgpt,71
@aimage_,ai,71
@dinisguarda,chatgpt,70
@dahatake,chatgpt,70
@jblefevre60,python,69
@sama,chatgpt,69
@binance_bnb_btc,nft,69
@binance_bnb_btc,nfts,69
@binance_bnb_btc,nftcollection,69
@binance_bnb_btc,nftgame,69
@binance_bnb_btc,nftnews,69
@binance_bnb_btc,nftgiveaways,69
@tospo_uma,chatgpt,69
@pawlowskimario,ai,68
@rowancheung,chatgpt,68
@coconut_bobb,art,68
@coconut_bobb,ai,68
@coconut_bobb,midjourney,68
@otakumatch,鹿児島,68
@aiartgen001,art,67
@aiartgen001,digitalart,67
@aiartgen001,generativeart,67
@aiartgen001,aiartcommunity,67
@ymt3d,3dnchu,67
@jblefevre60,cloud,66
@enilev,ai,66
@crypaudio,chatgpt,66
@elonmusk,openai,66
@liverbird3167,chatgpt,66
@avatago_info,chatgpt,66
@coinmarketcap,chatgpt,65
@anthonyrochand,ia,65
@forbes,chatgpt,65
@jayesh_nakrani_,chatgpt,65
@rainmakergaming,nftcollector,65
@rainmakergaming,web3,65
@rainmakergaming,defi,65
@rainmakergaming,chatgpt,65
@bitmartexchange,chatgpt,65
@rainmakergaming,ai,65
@rainmakergaming,bnb,65
@rainmakergaming,tether,65
@rainmakergaming,dot,65
@rainmakergaming,tron,65
@rainmakergaming,binancenft,65
@rainmakergaming,tezos,65
@rainmakergaming,opensea,65
@rainmakergaming,metamask,65
@rainmakergaming,coinmarketcap,65
@rainmakergaming,coinbase,65
@rainmakergaming,ftt,65
@rainmakergaming,matic,65
@catherineadenle,openai,64
@lexfridman,chatgpt,64
@chanperco,chatgpt,64
@flagshipfyi,bitcoin,64
@flagshipfyi,crypto,64
@flagshipfyi,chatgpt,64
@bitmartexchange,nftcollector,64
@bitmartexchange,web3,64
@bitmartexchange,defi,64
@bitmartexchange,ai,64
@bitmartexchange,bnb,64
@bitmartexchange,tether,64
@bitmartexchange,dot,64
@bitmartexchange,tron,64
@bitmartexchange,binancenft,64
@bitmartexchange,tezos,64
@bitmartexchange,opensea,64
@bitmartexchange,metamask,64
@bitmartexchange,coinmarketcap,64
@bitmartexchange,coinbase,64
@bitmartexchange,ftt,64
@bitmartexchange,matic,64
@rainmakergaming,aptos,64
@bitmartexchange,aptos,64
@innovius2016,fintech,63
@innovius2016,finserv,63
@python_dv,excel,63
@eva_tfm,セブン銀行,63
@elonmusk,truthgpt,62
@forex_moneyger,gpt,62
@gptminer,blockchain,62
@catherineadenle,nlp,61
@reseau_canope,enseignant,61
@mvollmer1,chatgpt,61
@betamoroney,ai,61
@nicochan33,ai,61
@bobby4318,feg,61
@mos49466270,freemilesguo,60
@crypaudio,ai,60
@gptminer,web3,60
@camelcointhe,camelcoin,58
@camelcointhe,ai,58
@camelcointhe,rulethejungle,58
@camelcointhe,chatgpt,58
@camelcointhe,midjourney,58
@kazuishi_robou,chatgpt,58
@akihisashiozaki,aiホワイトペーパー,58
@binance,chatgpt,57
@life_in_yukari,chatgpt,57
@enricomolinari,neobanks,56
@ronald_vanloon,chatgpt,56
@amonbuy,wanchain,56
@yournotionguy,chatgpt,55
@jenniferzeng97,chatgpt,55
@dna,chatgpt,55
@amonbuy,crypto,55
@alaingoudey,chatgpt,55
@gptminer,ai,55
@aimage_,nft,55
@aimage_,web3,55
@aimage_,chatgpt,55
@waki,西脇資哲,55
@waki,liyuu,55
@waki,chatgpt,55
@skirano,chatgpt,54
@yournotionguy,ai,54
@yournotionguy,artificialintelligence,54
@yournotionguy,autogpt,54
@kalydeoo,chatgpt,54
@cryptogems555,ai,54
@innovius2016,govtech,54
@lexfridman,ai,54
@amonbuy,1000x,54
@rainmakergaming,bitmart,54
@bitmartexchange,bitmart,54
@glengilmore,ai,53
@coinmarketcap,crypto,53
@matrixainetwork,chatgpt,53
@jenniferzeng97,ai,53
@ipfconline1,machinelearning,53
@dahatake,azure,53
@orctonai,midjourneyv5,52
@orctonai,midjourney5,52
@orctonai,digitalat,52
@johnnosta,gpt4,52
@sonu_monika,chatgpt,52
@curieuxexplorer,chatgpt,52
@stratorob,chatgpt,52
@nobi,chatgpt,52
@enricomolinari,blockchain,52
@yournotionguy,gpt4,51
@pierrepinna,ai,51
@enricomolinari,art,50
@savetonotion,prompt,50
@dna,adipurush,50
@xbond49,chatgpt,50
@wordsandmore1,manhattan,50
@wordsandmore1,seriea,50
@wordsandmore1,simeone,50
@wordsandmore1,incorvassi,50
@wordsandmore1,governomeloni,50
@wordsandmore1,chatgpt,50
@wordsandmore1,osimben,50
@wordsandmore1,annalisa,50
@wordsandmore1,draghi,50
@wordsandmore1,sinner,50
@waki,セブン銀行,50
@dw_espanol,chatgpt,50
@coinmarketcap,btc,49
@mvollmer1,ml,49
@pierrepinna,bard,49
@labordeolivier,chatgpt,49
@kirkdborne,generativeai,49
@dna,hrithikroshan,49
@dna,deepikapadukone,49
@lexfridman,humanity,49
@lexfridman,intelligence,49
@langchainai,gpt4,49
@infohub_newsapp,chatgpt,48
@infohub_newsapp,ai,48
@infohub_newsapp,人工知能,48
@infohub_newsapp,midjourney,48
@coinmarketcap,gpt,48
@jayesh_nakrani_,gpt,48
@bitboy_crypto,chatgpt,48
@dahatake,llm,48
@tedtalks,chatgpt,48
@nigewillson,chatgpt,48
@anitta,chatgpt,47
@openai,gpt,47
@lindagrass0,chatgpt,47
@manoliskellis,humanity,47
@manoliskellis,ai,47
@manoliskellis,intelligence,47
@manoliskellis,chatgpt,47
@lexfridman,deeplearning,47
@vestager,chatgpt,47
@alan_challis,domains,47
@addictpopmusic,chatgpt,46
@mvollmer1,innovation,46
@tabundestag,chatgpt,46
@cryptogems555,web3,46
@manoliskellis,deeplearning,46
@innovius2016,chatgpt,46
@canva,educación,46
@heykahn,chatgpt,45
@enricomolinari,iot,45
@frronconi,gpt4,45
@jolaburnett,chatgpt,45
@jimharris,chatgpt,45
@vestager,ai,45
@coinmarketcap,eth,44
@coinmarketcap,ethereum,44
@openai,artificialintelligence,44
@nicomuellerat,gpt4,44
@gptminer,ad3,44
@dacilgonz,educación,44
@yrydg_,科学上网,44
@dw_espanol,inteligenciaartificial,44
@dw_espanol,ia,44
@eossupporttr,eossupport,43
@eossupporttr,btc,43
@eossupporttr,yapayzeka,43
@eossupporttr,ai,43
@eossupporttr,fet,43
@eossupporttr,chatgpt,43
@coinmarketcap,gpt4,43
@coinmarketcap,openai,43
@coinmarketcap,levelup,43
@coinmarketcap,cryptogpt4,43
@btcpromoter_nft,chatgpt,43
@analytics_659,business,43
@jhondavid008,aichatbots,43
@jhondavid008,aiwriter,43
@drjdrooghaag,chatgpt,43
@swisscognitive,ainews,43
@eva_tfm,西脇資哲,43
@nhk_nethistory,chatgpt,42
@nhk_nethistory,令和ネット論,42
@aiartgen001,gpt,42
@ingliguori,chatgpt,42
@crypaudio,openai,42
@wired,chatgpt,42
@btcpromoter_nft,solana,42
@jayesh_nakrani_,ai,42
@bitboy_crypto,ai,42
@yukionoguchi10,chatgpt,42
@googleai,googleai,42
@nitowai_,shorts,42
@nitowai_,新兎わい,42
@nitowai_,vtuber,42
@nitowai_,nitowai,42
@nitowai_,chatgpt,42
@nitowai_,閃光のハサウェイ,42
@curieuxexplorer,generativeai,42
@medium,chatgpt,41
@altcoingazette,chatgpt,41
@bgr,chatgpt,41
@richardkimphd,chatgpt,41
@itnavi2022,note,41
@xringx,chatgpt,41
@dgrootian,gpt,40
@dgrootian,ai,40
@dgrootian,bot,40
@dgrootian,robot,40
@dgrootian,robotics,40
@dgrootian,artificialintelligence,40
@dgrootian,tech,40
@dgrootian,web3,40
@savetonotion,prompts,40
@mvollmer1,artificialintelligence,40
@altcoingazette,dogefam,40
@openai,ml,40
@paymentscm,metaverse,40
@paymentscm,finserv,40
@paymentscm,marketing,40
@paymentscm,payments,40
@androidfinal,notícias,40
@catherineadenle,chatgpt4,40
@frronconi,humans,40
@solanaunivers,chatgpt,39
@itspaulai,chatgpt,39
@altcoingazette,quant,39
@openai,crypto,39
@eu_commission,chatgpt,39
@innovius2016,neobanks,39
@labordeolivier,ai,39
@crypto_qmo,互fo,39
@crypto_qmo,互关,39
@crypto_qmo,互粉,39
@crypto_qmo,互关必回,39
@crypto_qmo,web3,39
@crypto_qmo,defi,39
@crypto_qmo,crypto,39
@analytics_659,machinelearning,39
@willmacneil_vfx,chatgpt,39
@ticeducativas,infografía,39
@pswider,himss23,39
@emcprotocol,ic,38
@emcprotocol,icp,38
@emcprotocol,chatgpt,38
@dgrootian,venturecapital,38
@dgrootian,vc,38
@dgrootian,vcs,38
@dgrootian,startup,38
@dgrootian,startups,38
@bing,chatgpt,38
@endal_e,endal,38
@sheraj99,chatgpt,38
@bgr,chatgpt4,38
@wired,ai,38
@analytics_659,python,38
@aicoin_official,trustai,38
@openai,trustai,38
@aicoin_official,trustwalletai,38
@openai,trustwalletai,38
@aicoin_official,ai,38
@aicoin_official,aicoin,38
@openai,aicoin,38
@aicoin_official,aicoinofficial,38
@openai,aicoinofficial,38
@aicoin_official,openai,38
@aicoin_official,agix,38
@openai,agix,38
@aicoin_official,rekt,38
@openai,rekt,38
@willmacneil_vfx,houdini,38
@willmacneil_vfx,python,38
@herbertyang,ic,37
@herbertyang,icp,37
@herbertyang,chatgpt,37
@mos49466270,chatgpt,37
@sheraj99,machinelearning,37
@sheraj99,datascience,37
@sheraj99,bigdata,37
@sheraj99,analytics,37
@sheraj99,ai,37
@sheraj99,iiot,37
@sheraj99,python,37
@enricomolinari,digital,37
@eu_commission,metaverse,37
@swisscognitive,chatgpt,37
@jamilahmed_16,chatgpt4,37
@javascript_fan,react,37
@javascript_fan,chatgpt,37
@yourcryptodj,chatgpt,37
@deloitte,fintech,37
@deloitte,marketing,37
@eossupportfr,eossupport,37
@eossupportfr,btc,37
@eossupportfr,intelligenceartificielle,37
@eossupportfr,ai,37
@eossupportfr,fet,37
@vestager,artificialintelligence,37
@mevbottutorials,mev,37
@soumyabh_swears,chatgpt,36
@ken_sugar,chatgpt,36
@endal_e,chatgpt,36
@sheraj99,sql,36
@sheraj99,cybersecurity,36
@andrewincontact,ai,36
@kirkdborne,ai,36
@frronconi,wisdom,36
@frronconi,inspiration,36
@frronconi,philosophy,36
@cryptoweb3_nft,ai,36
@cryptoweb3_nft,chatgpt,36
@hamzaazhrsalam,chatgpt,36
@bitboy_crypto,crypto,36
@midjourneyai_,openai,36
@qbein_net,chatgpt,36
@heiseonline,chatgpt,35
@analytics_659,chatgpt,35
@accenture,generativeai,35
@heybarsee,chatgpt,35
@eu_commission,fintech,35
@eu_commission,finserv,35
@eu_commission,marketing,35
@swisscognitive,ai,35
@ravitjain,chatgpt,35
@googleai,chatgpt,35
@cryptogems555,nft,35
@cryptogems555,crypto,35
@kafaak,chatgpt,35
@analytics_659,iot,35
@cryptojack,chatgpt,35
@psb_dc,ai,35
@blogmoderateur,chatgpt,35
@hourglass_wait,hourglass,35
@harringtonkevin,hourglass,35
@brandontadams,hourglass,35
@bitboy_crypto,hourglass,35
@briandevans,hourglass,35
@layahheilpern,hourglass,35
@cryptosr_us,hourglass,35
@samsungtvplus,hourglass,35
@plutotv,hourglass,35
@primevideo,hourglass,35
@hourglass_wait,wait,35
@harringtonkevin,wait,35
@brandontadams,wait,35
@bitboy_crypto,wait,35
@briandevans,wait,35
@layahheilpern,wait,35
@cryptosr_us,wait,35
@samsungtvplus,wait,35
@plutotv,wait,35
@primevideo,wait,35
@hourglass_wait,chatgpt,35
@harringtonkevin,chatgpt,35
@brandontadams,chatgpt,35
@briandevans,chatgpt,35
@layahheilpern,chatgpt,35
@cryptosr_us,chatgpt,35
@samsungtvplus,chatgpt,35
@plutotv,chatgpt,35
@primevideo,chatgpt,35
@hourglass_wait,ai,35
@harringtonkevin,ai,35
@brandontadams,ai,35
@briandevans,ai,35
@layahheilpern,ai,35
@cryptosr_us,ai,35
@samsungtvplus,ai,35
@plutotv,ai,35
@primevideo,ai,35
@hourglass_wait,prdistribution,35
@harringtonkevin,prdistribution,35
@brandontadams,prdistribution,35
@bitboy_crypto,prdistribution,35
@briandevans,prdistribution,35
@layahheilpern,prdistribution,35
@cryptosr_us,prdistribution,35
@samsungtvplus,prdistribution,35
@plutotv,prdistribution,35
@primevideo,prdistribution,35
@hourglass_wait,pressreleasesubmissionwebsite,35
@harringtonkevin,pressreleasesubmissionwebsite,35
@brandontadams,pressreleasesubmissionwebsite,35
@bitboy_crypto,pressreleasesubmissionwebsite,35
@briandevans,pressreleasesubmissionwebsite,35
@layahheilpern,pressreleasesubmissionwebsite,35
@cryptosr_us,pressreleasesubmissionwebsite,35
@samsungtvplus,pressreleasesubmissionwebsite,35
@plutotv,pressreleasesubmissionwebsite,35
@primevideo,pressreleasesubmissionwebsite,35
@hourglass_wait,winning,35
@harringtonkevin,winning,35
@brandontadams,winning,35
@bitboy_crypto,winning,35
@briandevans,winning,35
@layahheilpern,winning,35
@cryptosr_us,winning,35
@samsungtvplus,winning,35
@plutotv,winning,35
@primevideo,winning,35
@hourglass_wait,crypto,35
@harringtonkevin,crypto,35
@brandontadams,crypto,35
@briandevans,crypto,35
@layahheilpern,crypto,35
@cryptosr_us,crypto,35
@samsungtvplus,crypto,35
@plutotv,crypto,35
@primevideo,crypto,35
@hourglass_wait,cryptojudges,35
@harringtonkevin,cryptojudges,35
@brandontadams,cryptojudges,35
@bitboy_crypto,cryptojudges,35
@briandevans,cryptojudges,35
@layahheilpern,cryptojudges,35
@cryptosr_us,cryptojudges,35
@samsungtvplus,cryptojudges,35
@plutotv,cryptojudges,35
@primevideo,cryptojudges,35
@fogoros,chatgpt,35
@deloitte,finserv,35
@mdancho84,geospatial,35
@sonu_monika,generativeai,35
@ericvincent34,chatgpt,35
@kreatelymedia,chatgpt,35
@altcoingazette,prepper,35
@altcoingazette,thebookofrevalation,35
@altcoingazette,thebookofdaniel,35
@altcoingazette,endoftimes,35
@soumyabh_swears,artificialintelligence,34
@johnnosta,agi,34
@accenture,chatgpt,34
@hasantoxr,thread,34
@mrbigwhalereal,chatgpt,34
@langchainai,chatgpt,34
@altcoingazette,tesla,34
@tobiaskintzel,chatgpt,34
@crypto_qmo,btc,34
@crypto_qmo,eth,34
@crypto_qmo,bnb,34
@crunchkloud,chatgpt,34
@analytics_659,flutter,34
@himalayamayflo1,freemilesguo,34
@himalayamayflo1,郭文贵,34
@himalayamayflo1,milesguo,34
@himalayamayflo1,chatgpt,34
@metanews_com,ai,34
@wayne,ai,34
@llmshield,ai,34
@wayne,llmshield,34
@llmshield,llmshield,34
@openai,llmshield,34
@easychen,chatgpt,34
@mevbottutorials,eth,34
@mevbottutorials,bitcoin,34
@mevbottutorials,uniswap,34
@crypto_talkies,btc,33
@crypto_talkies,bitcoin,33
@crypto_talkies,cryptonews,33
@crypto_talkies,cryptomarket,33
@crypto_talkies,chatgpt,33
@luckysiri99,university,33
@luckysiri99,thailand,33
@luckysiri99,beautiful,33
@luckysiri99,beauty,33
@luckysiri99,bootylovers,33
@luckysiri99,tattoo,33
@luckysiri99,inkedgirls,33
@luckysiri99,cosplay,33
@luckysiri99,cosplayergirl,33
@luckysiri99,model,33
@luckysiri99,modelgirl,33
@heykahn,thread,33
@sol_decoder,chatgpt,33
@ishansharma7390,ai,33
@ishansharma7390,chatgpt,33
@bigseo,chatgpt,33
@openai,generativeai,33
@himss,ai,33
@crypto_qmo,互关贴,33
@wh4le5,chatgpt,33
@kirkdborne,marketing,33
@drhuzam,chatgpt,33
@andrewincontact,business,33
@metanews_com,llmshield,33
@canva,midjourney,33
@canva,inspiración,33
@forbes,ai,33
@omanopaz,chatgpt,33
@uezochan,おしゃべりai,33
@pythonpr,python,33
@pythonpr,chatgpt,33
@crypto_talkies,openai,32
@enilev,tech,32
@ishansharma7390,artificialintelligence,32
@tabundestag,bundestag,32
@altcoingazette,snap,32
@elonmusk,elonmusk,32
@mvollmer1,chatgpt3,32
@veillecyber3,ai,32
@betamoroney,fintech,32
@tobiaskintzel,ai,32
@pswider,chatgpt,32
@googleai,ai,32
@ricamconsult,chatgpt,32
@ricamconsult,ia,32
@ricamconsult,ai,32
@nigewillson,ai,32
@rowancheung,thread,32
@u_fun1,chatgpt,32
@xbond49,generativeai,32
@urogpt,chatgpt,31
@hzlzh,chatgpt,31
@yoheinakajima,chatgpt,31
@thegouch23,gpt4,31
@thegouch23,gpt,31
@thegouch23,chatgpt,31
@thegouch23,eth,31
@thegouch23,ethereum,31
@thegouch23,openai,31
@thegouch23,levelup,31
@thegouch23,cryptogpt4,31
@thegouch23,crypto,31
@thegouch23,btc,31
@ipfconline1,nlp,31
@cryptogems555,nfts,31
@cryptogems555,defi,31
@cryptogems555,gamefi,31
@cryptogems555,altcoins,31
@cryptogems555,altcoin,31
@cryptogems555,1000xgem,31
@cryptogems555,cryptocurrency,31
@cryptogems555,hodl,31
@cryptogems555,buidl,31
@cryptogems555,100x,31
@lacknere,chatgpt,31
@rwang0,chatgpt,31
@100xaltcoingems,chatgpt,31
@drhuzam,openai,31
@cryptothro,ai,31
@cryptothro,chatgpt,31
@dacilgonz,midjourney,31
@dacilgonz,inspiración,31
@frronconi,robotics,31
@ken_sugar,ノーム・チョムスキー,30
@ken_sugar,noamchomsky,30
@yoheinakajima,babyagi,30
@ibiza_skye,onlyfans,30
@ibiza_skye,tiktok,30
@accenture,ai,30
@eossupportio,eossupport,30
@eossupportio,btc,30
@eossupportio,ai,30
@eossupportio,fet,30
@eossupportio,chatgpt,30
@betamoroney,finserv,30
@betamoroney,marketing,30
@alvinfoo,chatgpt,30
@jayesh_nakrani_,chat,30
@rovercrc,chatgpt,30
@catherineadenle,artificialintelligence,30
@cryptothro,web3,30
@ingliguori,ai,30
@lacknere,highnoon,30
@trustwallet,ai,30
@trustwallet,chatgpt,30
@openai,ainews,30
@richardkimphd,ai,30
@biindia,chatgpt,30
@biindia,chatbot,30
@elonmusk,hasaki,30
@fadouce,chatgpt,30
@invisionjust,aiphotography,30
@danhduongtran,chatgpt,30
@alan_challis,domainnames,30
@alan_challis,domain,30
@surefire48,gpt,29
@surefire48,dan,29
@anonymous9775,sekte,29
@anonymous9775,scientology,29
@datachaz,babyagi,29
@skirano,babyagi,29
@enilev,gpt4,29
@eossupportio,artificialintelligence,29
@veillecyber3,machinelearning,29
@officialdgispr,chatgpt,29
@pierrepinna,agi,29
@pierrepinna,generativeai,29
@dinisguarda,ai,29
@cryptothro,nft,29
@rektcapital,trustai,29
@trustwallet,trustai,29
@singularitynet,trustai,29
@rektcapital,trustwalletai,29
@trustwallet,trustwalletai,29
@singularitynet,trustwalletai,29
@rektcapital,ai,29
@singularitynet,ai,29
@rektcapital,aicoin,29
@trustwallet,aicoin,29
@singularitynet,aicoin,29
@rektcapital,aicoinofficial,29
@trustwallet,aicoinofficial,29
@singularitynet,aicoinofficial,29
@rektcapital,openai,29
@trustwallet,openai,29
@singularitynet,openai,29
@rektcapital,agix,29
@trustwallet,agix,29
@singularitynet,agix,29
@rektcapital,rekt,29
@trustwallet,rekt,29
@singularitynet,rekt,29
@aicoin_official,rektcapital,29
@openai,rektcapital,29
@rektcapital,rektcapital,29
@trustwallet,rektcapital,29
@singularitynet,rektcapital,29
@aicoin_official,capital,29
@openai,capital,29
@rektcapital,capital,29
@trustwallet,capital,29
@singularitynet,capital,29
@aicoin_official,trustwallet,29
@openai,trustwallet,29
@rektcapital,trustwallet,29
@trustwallet,trustwallet,29
@singularitynet,trustwallet,29
@aicoin_official,chatgpt,29
@rektcapital,chatgpt,29
@singularitynet,chatgpt,29
@aicoin_official,ml,29
@rektcapital,ml,29
@trustwallet,ml,29
@singularitynet,ml,29
@aicoin_official,ainews,29
@rektcapital,ainews,29
@trustwallet,ainews,29
@singularitynet,ainews,29
@aicoin_official,mlnews,29
@openai,mlnews,29
@rektcapital,mlnews,29
@trustwallet,mlnews,29
@singularitynet,mlnews,29
@aicoin_official,crypto,29
@rektcapital,crypto,29
@trustwallet,crypto,29
@singularitynet,crypto,29
@aicoin_official,singularitynet,29
@openai,singularitynet,29
@rektcapital,singularitynet,29
@trustwallet,singularitynet,29
@singularitynet,singularitynet,29
@aicoin_official,coin,29
@openai,coin,29
@rektcapital,coin,29
@trustwallet,coin,29
@singularitynet,coin,29
@aicoin_official,token,29
@openai,token,29
@rektcapital,token,29
@trustwallet,token,29
@singularitynet,token,29
@aicoin_official,bullish,29
@openai,bullish,29
@rektcapital,bullish,29
@trustwallet,bullish,29
@singularitynet,bullish,29
@aicoin_official,bullrun,29
@openai,bullrun,29
@rektcapital,bullrun,29
@trustwallet,bullrun,29
@singularitynet,bullrun,29
@timeshighered,chatgpt,29
@timeshighered,ai,29
@yashi09,chatgpt,29
@opensea,chatgpt,28
@xaicorp_erc20,chatgpt,28
@undeveloped,chatgpt,28
